Algorithm,Devices,FailureRate
DDQN,200,0.12017425266636624
DDQN,200,0.16997167138810199
DDQN,200,0.20063055316709658
DDQN,200,0.13740458015267176
DDQN,200,0.13388673182487618
DDQN,200,0.13749484394335212
DDQN,200,0.15395381385584325
DDQN,200,0.18276762402088773
DDQN,200,0.267718754403269
DDQN,200,0.13311148086522462
DDQN,200,0.18972332015810275
DDQN,200,0.2070107645597571
DDQN,200,0.19157088122605362
DDQN,200,0.17217630853994492
DDQN,200,0.16980549552330967
DDQN,400,0.19587928032501453
DDQN,400,0.12928739828123811
DDQN,400,0.24063527713162747
DDQN,400,0.1479981305499299
DDQN,400,0.18250839538618777
DDQN,400,0.15241689650166934
DDQN,400,0.13840830449826988
DDQN,400,0.1454898157129001
DDQN,400,0.10730381286215038
DDQN,400,0.11458855546802263
DDQN,400,0.13967564211996586
DDQN,400,0.178046137172937
DDQN,400,0.14385039558858786
DDQN,400,0.17509596605832042
DDQN,400,0.20225368390638546
DDQN,600,0.182203181169055
DDQN,600,0.15526394871281177
DDQN,600,0.15969657650464117
DDQN,600,0.1932273803197913
DDQN,600,0.15288182235132244
DDQN,600,0.14588601439408674
DDQN,600,0.16865079365079366
DDQN,600,0.1872762324428532
DDQN,600,0.1774808164117555
DDQN,600,0.15730690577316345
DDQN,600,0.17859800565560352
DDQN,600,0.17905102954341987
DDQN,600,0.16966067864271456
DDQN,600,0.16605444573038797
DDQN,600,0.20440721906471232
DDQN,800,0.16638935108153077
DDQN,800,0.2022081125894771
DDQN,800,0.16994599493938592
DDQN,800,0.14722405176087716
DDQN,800,0.21987686895338612
DDQN,800,0.18666467557679384
DDQN,800,0.18701870187018702
DDQN,800,0.1425142514251425
DDQN,800,0.16841796946508988
DDQN,800,0.20015105740181272
DDQN,800,0.18218918524996355
DDQN,800,0.20083423451259078
DDQN,800,0.21646665653957164
DDQN,800,0.1552402613812773
DDQN,800,0.16495979105093134
DDQN,1000,0.1564265229860085
DDQN,1000,0.2088644531130018
DDQN,1000,0.16238079773257358
DDQN,1000,0.21526303373437133
DDQN,1000,0.1804391705914735
DDQN,1000,0.20458511342439376
DDQN,1000,0.22159300750954083
DDQN,1000,0.17005805430129597
DDQN,1000,0.18844027061258534
DDQN,1000,0.16786067563921947
DDQN,1000,0.18680888246105637
DDQN,1000,0.14970059880239522
DDQN,1000,0.2181818181818182
DDQN,1000,0.191638657939737
DDQN,1000,0.2036722727974078
DDQN,1200,0.25536648883719754
DDQN,1200,0.17064026148817535
DDQN,1200,0.17400075652502836
DDQN,1200,0.17508816058790166
DDQN,1200,0.2240330879637608
DDQN,1200,0.172837032212815
DDQN,1200,0.17140120484964586
DDQN,1200,0.21573310732722087
DDQN,1200,0.15054195102368526
DDQN,1200,0.17349871818111195
DDQN,1200,0.1818003144654088
DDQN,1200,0.2135339874930093
DDQN,1200,0.22811237013711538
DDQN,1200,0.19510990367992098
DDQN,1200,0.22496909765142148
DDQN,1400,0.22614012312073367
DDQN,1400,0.21581688767146032
DDQN,1400,0.22200139543734274
DDQN,1400,0.19897160742231168
DDQN,1400,0.21661409043112512
DDQN,1400,0.20313161235717309
DDQN,1400,0.19224339685723837
DDQN,1400,0.20944601528955908
DDQN,1400,0.20529748007406812
DDQN,1400,0.17587285044293904
DDQN,1400,0.20805711371749105
DDQN,1400,0.19290950400823081
DDQN,1400,0.20338840895747715
DDQN,1400,0.19051838723969872
DDQN,1400,0.19448409989034407
DDQN,1600,0.2194422041750286
DDQN,1600,0.22474881015335804
DDQN,1600,0.22116429883420174
DDQN,1600,0.22826047259048246
DDQN,1600,0.26518312471024574
DDQN,1600,0.21923305588585018
DDQN,1600,0.2393810563407254
DDQN,1600,0.16761318820003154
DDQN,1600,0.23232971931547733
DDQN,1600,0.16563389064265951
DDQN,1600,0.21786079642329403
DDQN,1600,0.23928811784939805
DDQN,1600,0.24565069937120756
DDQN,1600,0.22450645687991688
DDQN,1600,0.22896393817973668
DDQN,1800,0.25201531477682104
DDQN,1800,0.24991424511197138
DDQN,1800,0.2345833735017192
DDQN,1800,0.25004112518506333
DDQN,1800,0.23369869326223627
DDQN,1800,0.22644481638279018
DDQN,1800,0.2305417731669423
DDQN,1800,0.26571603043356273
DDQN,1800,0.23390828775767775
DDQN,1800,0.23582987720582255
DDQN,1800,0.2423304975509152
DDQN,1800,0.2242822966507177
DDQN,1800,0.24984587429832247
DDQN,1800,0.22050539192016738
DDQN,1800,0.1921182266009852
DDQN,2000,0.2307116104868914
DDQN,2000,0.2782917400003008
DDQN,2000,0.25248730048994555
DDQN,2000,0.24317875932949956
DDQN,2000,0.2302275189599133
DDQN,2000,0.26981450252951095
DDQN,2000,0.24185820112258713
DDQN,2000,0.2401944989601336
DDQN,2000,0.25175383387317135
DDQN,2000,0.2804539575976866
DDQN,2000,0.2291983970899197
DDQN,2000,0.2867032101846488
DDQN,2000,0.2398554794832481
DDQN,2000,0.23814678501840225
DDQN,2000,0.2433411026576953
DDQN,2200,0.28350858511912685
DDQN,2200,0.2976561310240755
DDQN,2200,0.2855374574506991
DDQN,2200,0.2994607057202295
DDQN,2200,0.2781289506953224
DDQN,2200,0.26088645888262885
DDQN,2200,0.24192063951195142
DDQN,2200,0.2319569622021938
DDQN,2200,0.2562836205400643
DDQN,2200,0.2574307024379383
DDQN,2200,0.25961472070703584
DDQN,2200,0.2875590038522055
DDQN,2200,0.27163478631870863
DDQN,2200,0.28677713899222185
DDQN,2200,0.24399035129065352
DDQN,2400,0.9672719258506484
DDQN,2400,0.25755473038020577
DDQN,2400,0.2976039714300187
DDQN,2400,0.46982968673855724
DDQN,2400,0.3133079460499
DDQN,2400,0.2825847754326298
DDQN,2400,0.5997038806564394
DDQN,2400,0.28949862936489634
DDQN,2400,0.3437381524074308
DDQN,2400,0.2552583214212783
DDQN,2400,0.3420636136212794
DDQN,2400,0.30349201630185685
DDQN,2400,1.8527227722772277
DDQN,2400,0.28282022849881017
DDQN,2400,0.25525634511625656
DDQN_Mobility,200,0.1303780964797914
DDQN_Mobility,200,0.1591849729385546
DDQN_Mobility,200,0.21828103683492497
DDQN_Mobility,200,0.17894422904861318
DDQN_Mobility,200,0.17276130146847107
DDQN_Mobility,200,0.15342129487572875
DDQN_Mobility,200,0.19525801952580196
DDQN_Mobility,200,0.20646937370956642
DDQN_Mobility,200,0.16277005031074282
DDQN_Mobility,200,0.22136953955135774
DDQN_Mobility,200,0.08699434536755112
DDQN_Mobility,200,0.08806693086745927
DDQN_Mobility,200,0.12662234884457108
DDQN_Mobility,200,0.19047619047619047
DDQN_Mobility,200,0.1501251042535446
DDQN_Mobility,400,0.2559789365903606
DDQN_Mobility,400,0.18249562770891947
DDQN_Mobility,400,0.16240956739997048
DDQN_Mobility,400,0.14279272508642718
DDQN_Mobility,400,0.20274105911929283
DDQN_Mobility,400,0.2631761202299328
DDQN_Mobility,400,0.22048980234664148
DDQN_Mobility,400,0.15315170078994036
DDQN_Mobility,400,0.25714495628535744
DDQN_Mobility,400,0.20568834669125471
DDQN_Mobility,400,0.1814196084360118
DDQN_Mobility,400,0.19343918755541226
DDQN_Mobility,400,0.2727406752174554
DDQN_Mobility,400,0.19083969465648853
DDQN_Mobility,400,0.27090610964568335
DDQN_Mobility,600,0.39313262005474
DDQN_Mobility,600,0.3135256944104247
DDQN_Mobility,600,0.24028629856850717
DDQN_Mobility,600,0.2810373730401341
DDQN_Mobility,600,0.30864197530864196
DDQN_Mobility,600,0.2960845372402879
DDQN_Mobility,600,0.3364306312079462
DDQN_Mobility,600,0.30652098679982204
DDQN_Mobility,600,0.32584378951463866
DDQN_Mobility,600,0.2975732389307886
DDQN_Mobility,600,0.27385202210377035
DDQN_Mobility,600,0.43288006399096596
DDQN_Mobility,600,0.244307632170429
DDQN_Mobility,600,0.3125355153994772
DDQN_Mobility,600,0.3311084248699217
DDQN_Mobility,800,0.2826499399852867
DDQN_Mobility,800,0.41618668945784254
DDQN_Mobility,800,0.38093726439427006
DDQN_Mobility,800,0.35098200283772685
DDQN_Mobility,800,0.36327373744568703
DDQN_Mobility,800,0.344453905101014
DDQN_Mobility,800,0.41948528022372544
DDQN_Mobility,800,0.3261281759575275
DDQN_Mobility,800,0.4327689621137347
DDQN_Mobility,800,0.3304741747428614
DDQN_Mobility,800,0.3819679306091593
DDQN_Mobility,800,0.31768312954822503
DDQN_Mobility,800,0.24236548715462916
DDQN_Mobility,800,0.39887555082814163
DDQN_Mobility,800,0.3264617416183699
DDQN_Mobility,1000,0.37457500144067307
DDQN_Mobility,1000,0.3435510143639864
DDQN_Mobility,1000,0.3789913458669054
DDQN_Mobility,1000,0.33836387591328304
DDQN_Mobility,1000,0.29254307696808357
DDQN_Mobility,1000,0.3701076396385282
DDQN_Mobility,1000,0.3154949699386868
DDQN_Mobility,1000,0.3915473592970081
DDQN_Mobility,1000,0.2826768266453635
DDQN_Mobility,1000,0.35597745476119846
DDQN_Mobility,1000,0.3392530532774795
DDQN_Mobility,1000,0.36955138884681793
DDQN_Mobility,1000,0.33178303759220307
DDQN_Mobility,1000,0.2976015086333903
DDQN_Mobility,1000,0.352825495980103
DDQN_Mobility,1200,0.3302012771019982
DDQN_Mobility,1200,0.3093293739173472
DDQN_Mobility,1200,0.33182804820239015
DDQN_Mobility,1200,0.36148537627341437
DDQN_Mobility,1200,0.33159520072900317
DDQN_Mobility,1200,0.35259216029569107
DDQN_Mobility,1200,0.3415137796839012
DDQN_Mobility,1200,0.3411469774894684
DDQN_Mobility,1200,0.3514018691588785
DDQN_Mobility,1200,0.30012585923129054
DDQN_Mobility,1200,0.29079080312476896
DDQN_Mobility,1200,0.4006720951273103
DDQN_Mobility,1200,0.34590718577993235
DDQN_Mobility,1200,0.347534449656111
DDQN_Mobility,1200,0.33815665303554576
DDQN_Mobility,1400,0.34652945500367527
DDQN_Mobility,1400,0.3860131819395109
DDQN_Mobility,1400,0.30206917384080956
DDQN_Mobility,1400,0.3757559587335468
DDQN_Mobility,1400,0.33780261484246304
DDQN_Mobility,1400,0.35986936534021174
DDQN_Mobility,1400,0.3277486685210341
DDQN_Mobility,1400,0.32480376439234626
DDQN_Mobility,1400,0.3156932790562433
DDQN_Mobility,1400,0.30233046399328156
DDQN_Mobility,1400,0.29672966033923986
DDQN_Mobility,1400,0.35747883349012227
DDQN_Mobility,1400,0.36756803232879065
DDQN_Mobility,1400,0.35653614647343806
DDQN_Mobility,1400,0.35006326444538166
DDQN_Mobility,1600,0.33154955793392277
DDQN_Mobility,1600,0.35324093734316486
DDQN_Mobility,1600,0.30473979212392754
DDQN_Mobility,1600,0.3079485590331577
DDQN_Mobility,1600,0.3923947453225409
DDQN_Mobility,1600,0.32242843661528786
DDQN_Mobility,1600,0.35044281497000285
DDQN_Mobility,1600,0.2916743585010153
DDQN_Mobility,1600,0.3269378070880117
DDQN_Mobility,1600,0.32191702541049183
DDQN_Mobility,1600,0.32925138632162665
DDQN_Mobility,1600,0.2982107355864811
DDQN_Mobility,1600,0.32268097348573205
DDQN_Mobility,1600,0.33027795301888896
DDQN_Mobility,1600,0.3464159988015879
DDQN_Mobility,1800,0.3893509110469783
DDQN_Mobility,1800,0.31980482015100065
DDQN_Mobility,1800,0.3465003465003465
DDQN_Mobility,1800,0.2907705419361307
DDQN_Mobility,1800,0.35363191824165413
DDQN_Mobility,1800,0.364836404039734
DDQN_Mobility,1800,0.2767652220872148
DDQN_Mobility,1800,0.2837731817650692
DDQN_Mobility,1800,0.30176026823134955
DDQN_Mobility,1800,0.354461703088164
DDQN_Mobility,1800,0.3333112231361104
DDQN_Mobility,1800,0.28594568684815125
DDQN_Mobility,1800,0.36136552872606165
DDQN_Mobility,1800,0.3032702643505804
DDQN_Mobility,1800,0.30089925892811087
DDQN_Mobility,2000,0.29534606205250596
DDQN_Mobility,2000,0.29530405662531395
DDQN_Mobility,2000,0.29297161105088915
DDQN_Mobility,2000,0.3084921020309063
DDQN_Mobility,2000,0.27795462662463705
DDQN_Mobility,2000,0.33897789803301615
DDQN_Mobility,2000,0.3203440407231876
DDQN_Mobility,2000,0.288847768199666
DDQN_Mobility,2000,0.26448190426971074
DDQN_Mobility,2000,0.30753382114560135
DDQN_Mobility,2000,0.3316798262349937
DDQN_Mobility,2000,0.30506041392511063
DDQN_Mobility,2000,0.33024107598546937
DDQN_Mobility,2000,0.34100077638569626
DDQN_Mobility,2000,0.2810304449648712
DDQN_Mobility,2200,0.29689393031646494
DDQN_Mobility,2200,0.30864197530864196
DDQN_Mobility,2200,0.3529772866789441
DDQN_Mobility,2200,0.31335037519584397
DDQN_Mobility,2200,0.29623419269195833
DDQN_Mobility,2200,0.24860335195530728
DDQN_Mobility,2200,0.3262420988241691
DDQN_Mobility,2200,0.30812559254921645
DDQN_Mobility,2200,0.3222594119111505
DDQN_Mobility,2200,0.31168974457990845
DDQN_Mobility,2200,0.3574869782575303
DDQN_Mobility,2200,0.3081898338815335
DDQN_Mobility,2200,0.3108537474382075
DDQN_Mobility,2200,0.3131941665861836
DDQN_Mobility,2200,0.33562062640125007
DDQN_Mobility,2400,1.5961155073935005
DDQN_Mobility,2400,0.47379481627714454
DDQN_Mobility,2400,0.9854913769504517
DDQN_Mobility,2400,1.2481635420721524
DDQN_Mobility,2400,0.3537488752757885
DDQN_Mobility,2400,0.31686572333902063
DDQN_Mobility,2400,0.3387098805071834
DDQN_Mobility,2400,3.1824828281090642
DDQN_Mobility,2400,1.5791336890282448
DDQN_Mobility,2400,0.37586848399711453
DDQN_Mobility,2400,0.34812226855504214
DDQN_Mobility,2400,0.27858712876348213
DDQN_Mobility,2400,0.7724839269562667
DDQN_Mobility,2400,0.35904340578316346
DDQN_Mobility,2400,1.570912776334959
Fuzzy_Based,200,0.13823610727121927
Fuzzy_Based,200,0.17832647462277093
Fuzzy_Based,200,0.18023430459597475
Fuzzy_Based,200,0.11192836584585865
Fuzzy_Based,200,0.16105054509415262
Fuzzy_Based,200,0.17704337562702863
Fuzzy_Based,200,0.08820935019112026
Fuzzy_Based,200,0.10513667768098528
Fuzzy_Based,200,0.1841098994476703
Fuzzy_Based,200,0.31959092361776925
Fuzzy_Based,200,0.1725625539257981
Fuzzy_Based,200,0.1514692517418964
Fuzzy_Based,200,0.13464991023339318
Fuzzy_Based,200,0.24408848207475212
Fuzzy_Based,200,0.1678876678876679
Fuzzy_Based,400,0.23534770725781962
Fuzzy_Based,400,0.2940289505428227
Fuzzy_Based,400,0.2562859319803283
Fuzzy_Based,400,0.2035431586882774
Fuzzy_Based,400,0.2509124087591241
Fuzzy_Based,400,0.2606882168925964
Fuzzy_Based,400,0.336676217765043
Fuzzy_Based,400,0.27088036117381487
Fuzzy_Based,400,0.26727758686521574
Fuzzy_Based,400,0.1899184933132864
Fuzzy_Based,400,0.24433585073300756
Fuzzy_Based,400,0.20134228187919465
Fuzzy_Based,400,0.28124741500537676
Fuzzy_Based,400,0.29127593066211993
Fuzzy_Based,400,0.2769046549917677
Fuzzy_Based,600,0.3914483589280337
Fuzzy_Based,600,0.2924281984334203
Fuzzy_Based,600,0.3998829610845607
Fuzzy_Based,600,0.315698355313407
Fuzzy_Based,600,0.4563822201093416
Fuzzy_Based,600,0.35337376438565493
Fuzzy_Based,600,0.39765592298032654
Fuzzy_Based,600,0.3250633395477795
Fuzzy_Based,600,0.42703885011977916
Fuzzy_Based,600,0.2957393483709273
Fuzzy_Based,600,0.3469741810388815
Fuzzy_Based,600,0.3915648440817097
Fuzzy_Based,600,0.36936336120658697
Fuzzy_Based,600,0.3008423586040915
Fuzzy_Based,600,0.3722752877785942
Fuzzy_Based,800,0.41911764705882354
Fuzzy_Based,800,0.37138093072608763
Fuzzy_Based,800,0.44870565675934804
Fuzzy_Based,800,0.29371305350039034
Fuzzy_Based,800,0.4360738318108342
Fuzzy_Based,800,0.3041246911233606
Fuzzy_Based,800,0.3800629818655663
Fuzzy_Based,800,0.3399281949430907
Fuzzy_Based,800,0.3674458603705731
Fuzzy_Based,800,0.3717171717171717
Fuzzy_Based,800,0.39633926641204875
Fuzzy_Based,800,0.3987112364075715
Fuzzy_Based,800,0.3656161824901641
Fuzzy_Based,800,0.39284155390659103
Fuzzy_Based,800,0.2897473997028232
Fuzzy_Based,1000,0.32956826557210056
Fuzzy_Based,1000,0.3927003927003927
Fuzzy_Based,1000,0.33508113307064624
Fuzzy_Based,1000,0.3097542814594192
Fuzzy_Based,1000,0.33922096151596676
Fuzzy_Based,1000,0.36217178182272314
Fuzzy_Based,1000,0.333174678724417
Fuzzy_Based,1000,0.3670944617874899
Fuzzy_Based,1000,0.41327090919600024
Fuzzy_Based,1000,0.32432095300464653
Fuzzy_Based,1000,0.33031277404267756
Fuzzy_Based,1000,0.3279666070363745
Fuzzy_Based,1000,0.36867455550930606
Fuzzy_Based,1000,0.39399733472391213
Fuzzy_Based,1000,0.3517556090759285
Fuzzy_Based,1200,0.3203895937459951
Fuzzy_Based,1200,0.3582059431915645
Fuzzy_Based,1200,0.306955154600584
Fuzzy_Based,1200,0.3692125262760739
Fuzzy_Based,1200,0.4347480317047955
Fuzzy_Based,1200,0.31014271821694217
Fuzzy_Based,1200,0.33988013387644966
Fuzzy_Based,1200,0.36254848769109854
Fuzzy_Based,1200,0.3578692618624649
Fuzzy_Based,1200,0.2875
Fuzzy_Based,1200,0.33192287227303824
Fuzzy_Based,1200,0.34428030765474305
Fuzzy_Based,1200,0.3483208806402723
Fuzzy_Based,1200,0.3429127108017504
Fuzzy_Based,1200,0.358500553390116
Fuzzy_Based,1400,0.3066831366869702
Fuzzy_Based,1400,0.2965314177125316
Fuzzy_Based,1400,0.3896339253352664
Fuzzy_Based,1400,0.36652020147894115
Fuzzy_Based,1400,0.3810277338219372
Fuzzy_Based,1400,0.3252461322081575
Fuzzy_Based,1400,0.35317646057614566
Fuzzy_Based,1400,0.32519301779120513
Fuzzy_Based,1400,0.32845941936851025
Fuzzy_Based,1400,0.30243653092520023
Fuzzy_Based,1400,0.3233771057749033
Fuzzy_Based,1400,0.3523801485482782
Fuzzy_Based,1400,0.36280980897845
Fuzzy_Based,1400,0.3764331347200413
Fuzzy_Based,1400,0.3169472314344486
Fuzzy_Based,1600,0.33496762603390845
Fuzzy_Based,1600,0.353589497639602
Fuzzy_Based,1600,0.3263288942543479
Fuzzy_Based,1600,0.3453903670247087
Fuzzy_Based,1600,0.2961300765155974
Fuzzy_Based,1600,0.34150261149055844
Fuzzy_Based,1600,0.34922792313210255
Fuzzy_Based,1600,0.31606055876385203
Fuzzy_Based,1600,0.2655028186943081
Fuzzy_Based,1600,0.31434110715831876
Fuzzy_Based,1600,0.2978731854558453
Fuzzy_Based,1600,0.2884722068123821
Fuzzy_Based,1600,0.3305266267818894
Fuzzy_Based,1600,0.3727164233911686
Fuzzy_Based,1600,0.34098531713497804
Fuzzy_Based,1800,0.26846335042261327
Fuzzy_Based,1800,0.308566390752804
Fuzzy_Based,1800,0.2701734969564793
Fuzzy_Based,1800,0.34776793178398263
Fuzzy_Based,1800,0.3101534443356187
Fuzzy_Based,1800,0.326341139925308
Fuzzy_Based,1800,0.3203074951953876
Fuzzy_Based,1800,0.2992760528999682
Fuzzy_Based,1800,0.3199448710376058
Fuzzy_Based,1800,0.3907494675409616
Fuzzy_Based,1800,0.3151971219697345
Fuzzy_Based,1800,0.3340515441532629
Fuzzy_Based,1800,0.2926931251959999
Fuzzy_Based,1800,0.33403069566287513
Fuzzy_Based,1800,0.3165232235578633
Fuzzy_Based,2000,0.3243917654398004
Fuzzy_Based,2000,0.27155569193003987
Fuzzy_Based,2000,0.3116618468961177
Fuzzy_Based,2000,0.3295395600036615
Fuzzy_Based,2000,0.34244990513212087
Fuzzy_Based,2000,0.3024874453026343
Fuzzy_Based,2000,0.35691060599186364
Fuzzy_Based,2000,0.32391578189670683
Fuzzy_Based,2000,0.3199577303548889
Fuzzy_Based,2000,0.3484589173103905
Fuzzy_Based,2000,0.3296437428173955
Fuzzy_Based,2000,0.35462072324363814
Fuzzy_Based,2000,0.36100019155112206
Fuzzy_Based,2000,0.26596142065235256
Fuzzy_Based,2000,0.3189792663476874
Fuzzy_Based,2200,0.3330381804485443
Fuzzy_Based,2200,0.3041591673293988
Fuzzy_Based,2200,0.32399595005062437
Fuzzy_Based,2200,0.32442984204665737
Fuzzy_Based,2200,0.616086859012414
Fuzzy_Based,2200,0.3303077868013376
Fuzzy_Based,2200,0.3287091202852527
Fuzzy_Based,2200,0.33949814508069925
Fuzzy_Based,2200,0.3530833684153347
Fuzzy_Based,2200,0.29176089566407015
Fuzzy_Based,2200,0.25635863364874845
Fuzzy_Based,2200,0.3316457752389203
Fuzzy_Based,2200,0.3169968717413973
Fuzzy_Based,2200,2.814366467576792
Fuzzy_Based,2200,0.7142956020985894
Fuzzy_Based,2400,0.33511401295939064
Fuzzy_Based,2400,0.30897039781541263
Fuzzy_Based,2400,2.1911206552137434
Fuzzy_Based,2400,1.1521849759254668
Fuzzy_Based,2400,0.3364592060103235
Fuzzy_Based,2400,2.4448897795591185
Fuzzy_Based,2400,0.7380967556886991
Fuzzy_Based,2400,0.3285077255524051
Fuzzy_Based,2400,0.3715453075432338
Fuzzy_Based,2400,0.34949379368672423
Fuzzy_Based,2400,1.3097493673783396
Fuzzy_Based,2400,0.3382647655761351
Fuzzy_Based,2400,0.33783783783783783
Fuzzy_Based,2400,0.3470550981633945
Fuzzy_Based,2400,0.3497837700330705
HEO,200,0.24742268041237112
HEO,200,0.12380068090374496
HEO,200,0.2474907190980338
HEO,200,0.14457831325301204
HEO,200,0.1631321370309951
HEO,200,0.21291696238466998
HEO,200,0.09324009324009325
HEO,200,0.1909698540444687
HEO,200,0.08077544426494346
HEO,200,0.1643753735803945
HEO,200,0.190951821386604
HEO,200,0.11479408810446262
HEO,200,0.23320215711995335
HEO,200,0.17249490355966754
HEO,200,0.19276393831553976
HEO,400,0.14356356675705853
HEO,400,0.11440011440011441
HEO,400,0.19822391373295273
HEO,400,0.21299254526091588
HEO,400,0.1315693297273591
HEO,400,0.2046663937781416
HEO,400,0.09024592013236069
HEO,400,0.18964259664478483
HEO,400,0.1968934587617589
HEO,400,0.16451878256100905
HEO,400,0.19674612183125237
HEO,400,0.16946758932354186
HEO,400,0.15061321093021587
HEO,400,0.2182214948172395
HEO,400,0.1266023104921665
HEO,600,0.2005917456496665
HEO,600,0.18197442248395088
HEO,600,0.17524217495010466
HEO,600,0.2218341435786095
HEO,600,0.1397732567168815
HEO,600,0.16146393972012918
HEO,600,0.20521547625006256
HEO,600,0.19508188305354485
HEO,600,0.16042276115881854
HEO,600,0.20235562704301355
HEO,600,0.17118114993454836
HEO,600,0.15186852524814232
HEO,600,0.191397735126801
HEO,600,0.18217780553820528
HEO,600,0.14606628387226755
HEO,800,0.2213088839709137
HEO,800,0.14127363616605085
HEO,800,0.2315333482709687
HEO,800,0.20645864983833898
HEO,800,0.16836826079168907
HEO,800,0.16871625674865026
HEO,800,0.15745079662605435
HEO,800,0.17471893041628683
HEO,800,0.19098548510313218
HEO,800,0.16923019066601483
HEO,800,0.18554983338382308
HEO,800,0.20100502512562815
HEO,800,0.1774485977703198
HEO,800,0.1535685491611318
HEO,800,0.21667689863132422
HEO,1000,0.13633884748227595
HEO,1000,0.20545048039156444
HEO,1000,0.1968265503875969
HEO,1000,0.20652622883106153
HEO,1000,0.229878194411273
HEO,1000,0.20977987885950655
HEO,1000,0.17277330950253203
HEO,1000,0.1751057930833212
HEO,1000,0.1914428102589036
HEO,1000,0.16179290508149569
HEO,1000,0.2038891086698518
HEO,1000,0.2592409192857767
HEO,1000,0.18051113151977705
HEO,1000,0.19402405898331393
HEO,1000,0.18206645425580337
HEO,1200,0.2112835475513746
HEO,1200,0.19573400250941028
HEO,1200,0.21426385062748698
HEO,1200,0.21465369204350318
HEO,1200,0.19801980198019803
HEO,1200,0.2212715739784629
HEO,1200,0.19789579158316634
HEO,1200,0.19575520296723675
HEO,1200,0.21244954323348203
HEO,1200,0.2736116740980949
HEO,1200,0.2401630197467372
HEO,1200,0.23560770127799327
HEO,1200,0.25748472762154795
HEO,1200,0.2153399467699008
HEO,1200,0.19874045013421435
HEO,1400,0.20423239038804153
HEO,1400,0.20777551676127237
HEO,1400,0.19199240659245836
HEO,1400,0.21274332517817254
HEO,1400,0.19709653491575713
HEO,1400,0.1870455214156614
HEO,1400,0.192839236356624
HEO,1400,0.21102284011916583
HEO,1400,0.22361453916418791
HEO,1400,0.21682567215958368
HEO,1400,0.21918878447882983
HEO,1400,0.24640657084188913
HEO,1400,0.21993973651219567
HEO,1400,0.19058050383351588
HEO,1400,0.2460183866373171
HEO,1600,0.21188426993680975
HEO,1600,0.2260014690095486
HEO,1600,0.2197497624326893
HEO,1600,0.24189093956535818
HEO,1600,0.2409102701901338
HEO,1600,0.2170481452249408
HEO,1600,0.24094612738876933
HEO,1600,0.23592918349628175
HEO,1600,0.2315243563622893
HEO,1600,0.23471938629467778
HEO,1600,0.22657054582904224
HEO,1600,0.2548035181759843
HEO,1600,0.2635952094435849
HEO,1600,0.2073958854137733
HEO,1600,0.21573978462900134
HEO,1800,0.23481823012186553
HEO,1800,0.2589829625044793
HEO,1800,0.23786869647954328
HEO,1800,0.2500766363885707
HEO,1800,0.2223408039843472
HEO,1800,0.26337252769659486
HEO,1800,0.25838103025347503
HEO,1800,0.21909804637575314
HEO,1800,0.23957085568459976
HEO,1800,0.21604327462233655
HEO,1800,0.25124398401174647
HEO,1800,0.2163903486650505
HEO,1800,0.2110666464042686
HEO,1800,0.24380266710300252
HEO,1800,0.23044988562229943
HEO,2000,0.24539514531531798
HEO,2000,0.20934671510374975
HEO,2000,0.218409676301797
HEO,2000,0.29035739803286664
HEO,2000,0.21784152795888626
HEO,2000,0.21469758311863574
HEO,2000,0.20349771256330615
HEO,2000,0.2724336899459724
HEO,2000,0.22191975381701975
HEO,2000,0.2462182416939815
HEO,2000,0.20806161108005714
HEO,2000,0.2810941047461658
HEO,2000,0.2714392244593587
HEO,2000,0.23247163846010785
HEO,2000,0.2314376792186431
HEO,2200,0.24009276311302094
HEO,2200,0.27867834724425744
HEO,2200,0.24474616131369897
HEO,2200,0.23535458738553516
HEO,2200,0.2694687808907365
HEO,2200,0.2380699047720381
HEO,2200,0.2598930334988442
HEO,2200,0.25019568377501955
HEO,2200,0.4049994635768694
HEO,2200,0.29167175396470096
HEO,2200,0.2244035408951361
HEO,2200,0.2618680857022826
HEO,2200,0.22219753360737696
HEO,2200,0.2515316733179698
HEO,2200,0.24154920878909736
HEO,2400,0.22697589490635658
HEO,2400,0.26843827758233946
HEO,2400,0.6866024496365786
HEO,2400,2.121872903287645
HEO,2400,2.3998994279967314
HEO,2400,0.2484518577706752
HEO,2400,0.2671958701376188
HEO,2400,2.7478256602755184
HEO,2400,0.24949780569878577
HEO,2400,1.3506573541495481
HEO,2400,0.3219979580617294
HEO,2400,0.2503049400284611
HEO,2400,0.27775022319214365
HEO,2400,0.25881793970917366
HEO,2400,1.3104400044758862
