Algorithm,Devices,Delay
DDQN,200,0.3458099351901733
DDQN,200,0.3358937881328322
DDQN,200,0.33948066421766576
DDQN,200,0.33903521510207246
DDQN,200,0.33390027705890496
DDQN,200,0.3226218275097466
DDQN,200,0.33902379705834884
DDQN,200,0.3140480830066303
DDQN,200,0.3479809448079842
DDQN,200,0.37791712872280164
DDQN,200,0.3592064497784176
DDQN,200,0.3283825753289339
DDQN,200,0.34289763035103255
DDQN,200,0.37272199208795587
DDQN,200,0.3337559053824731
DDQN,400,0.3401586633732086
DDQN,400,0.33955302093212664
DDQN,400,0.3499245075984766
DDQN,400,0.3433118792679073
DDQN,400,0.34862468135085123
DDQN,400,0.3296139767327067
DDQN,400,0.3491488284930864
DDQN,400,0.33673594251277966
DDQN,400,0.33327558613377806
DDQN,400,0.3309295710970175
DDQN,400,0.3347838794786487
DDQN,400,0.3498413683376525
DDQN,400,0.3348492700549288
DDQN,400,0.33403490180110285
DDQN,400,0.335307883345712
DDQN,600,0.33605080137424964
DDQN,600,0.3457418690450831
DDQN,600,0.3507542012772656
DDQN,600,0.33799481224886657
DDQN,600,0.34277918164300114
DDQN,600,0.3392648043127483
DDQN,600,0.3376702962282408
DDQN,600,0.3467552705925205
DDQN,600,0.3516115603235982
DDQN,600,0.3480907956772946
DDQN,600,0.35595481034295184
DDQN,600,0.3414250185606539
DDQN,600,0.34979857546387555
DDQN,600,0.33738049498932193
DDQN,600,0.34729277783281715
DDQN,800,0.36064541902528746
DDQN,800,0.35422428553533347
DDQN,800,0.354883622645707
DDQN,800,0.35464777760016647
DDQN,800,0.3535307857804606
DDQN,800,0.35579051317925225
DDQN,800,0.35973983129060016
DDQN,800,0.3494838610452822
DDQN,800,0.35874951039734726
DDQN,800,0.34900139180398054
DDQN,800,0.35020314737604985
DDQN,800,0.34721317102824184
DDQN,800,0.3520282810298474
DDQN,800,0.3560096708922752
DDQN,800,0.35100490312446725
DDQN,1000,0.36313634426891495
DDQN,1000,0.37636276148788095
DDQN,1000,0.3670423723113339
DDQN,1000,0.3732036631182456
DDQN,1000,0.37519087815284247
DDQN,1000,0.370626552609181
DDQN,1000,0.35886891164661505
DDQN,1000,0.3670500932207487
DDQN,1000,0.36765341439920163
DDQN,1000,0.37330611319223667
DDQN,1000,0.3656253450039627
DDQN,1000,0.37243241509735026
DDQN,1000,0.36692903936901733
DDQN,1000,0.3673042566398598
DDQN,1000,0.36809519305866195
DDQN,1200,0.38624486005780106
DDQN,1200,0.40409938146736224
DDQN,1200,0.3866894195393085
DDQN,1200,0.4024447533906826
DDQN,1200,0.3926798323597473
DDQN,1200,0.3988464362783843
DDQN,1200,0.383768110492383
DDQN,1200,0.38688934066918323
DDQN,1200,0.38644671433192634
DDQN,1200,0.38165468376117195
DDQN,1200,0.391774913970366
DDQN,1200,0.3815514670303403
DDQN,1200,0.3820233025994488
DDQN,1200,0.3882686210094311
DDQN,1200,0.4015355133814827
DDQN,1400,0.41433846394149476
DDQN,1400,0.4140508309109107
DDQN,1400,0.4190386033172859
DDQN,1400,0.4055835592351203
DDQN,1400,0.41556476446130275
DDQN,1400,0.42114730115237403
DDQN,1400,0.41588089855151594
DDQN,1400,0.4197457629462642
DDQN,1400,0.4296566292438587
DDQN,1400,0.41833698564910565
DDQN,1400,0.4251014621873126
DDQN,1400,0.41299279788452453
DDQN,1400,0.4132418098483926
DDQN,1400,0.41790358959359913
DDQN,1400,0.4191627537099404
DDQN,1600,0.4502058871426623
DDQN,1600,0.4451986936900607
DDQN,1600,0.44037541697241744
DDQN,1600,0.4554967479482741
DDQN,1600,0.4482803011009666
DDQN,1600,0.44145865873574025
DDQN,1600,0.44120188161899526
DDQN,1600,0.4334589423734902
DDQN,1600,0.4404028235476264
DDQN,1600,0.4347818643104361
DDQN,1600,0.43930337807282344
DDQN,1600,0.44492988590119553
DDQN,1600,0.44644185575588724
DDQN,1600,0.44909240574018366
DDQN,1600,0.4407958621586345
DDQN,1800,0.4851875841675126
DDQN,1800,0.47972376278644346
DDQN,1800,0.4764827785434351
DDQN,1800,0.4758341258991201
DDQN,1800,0.47765240401672904
DDQN,1800,0.47790496906341845
DDQN,1800,0.4607884517382871
DDQN,1800,0.4735085097836761
DDQN,1800,0.4717062946532648
DDQN,1800,0.47907511256845153
DDQN,1800,0.45738997849609375
DDQN,1800,0.47499910572039133
DDQN,1800,0.47920521802909427
DDQN,1800,0.4785005876988602
DDQN,1800,0.4817263403710219
DDQN,2000,0.49633235873319453
DDQN,2000,0.4952304821239962
DDQN,2000,0.5099950893810818
DDQN,2000,0.494122453127124
DDQN,2000,0.5052773324373165
DDQN,2000,0.4988623760695578
DDQN,2000,0.5009301569813118
DDQN,2000,0.5025012725417359
DDQN,2000,0.4958456022731577
DDQN,2000,0.5147730453484142
DDQN,2000,0.5119317691740112
DDQN,2000,0.5041544198204866
DDQN,2000,0.5020910078857151
DDQN,2000,0.49416568690680224
DDQN,2000,0.5051112092637683
DDQN,2200,0.5758152792373883
DDQN,2200,0.5348821444785434
DDQN,2200,0.5187510442793634
DDQN,2200,0.5455240346832387
DDQN,2200,0.5324433934028918
DDQN,2200,0.5297400916063749
DDQN,2200,0.55434090495099
DDQN,2200,0.5280075706609353
DDQN,2200,0.5425031890137182
DDQN,2200,0.5289214993410066
DDQN,2200,0.5243577543782384
DDQN,2200,0.5400901597897264
DDQN,2200,0.5263830258998365
DDQN,2200,0.5403739694687085
DDQN,2200,0.5296063650285113
DDQN,2400,0.6658474960252478
DDQN,2400,0.5594974815561845
DDQN,2400,0.5578756192350213
DDQN,2400,0.6117662581745259
DDQN,2400,0.5576459147116435
DDQN,2400,0.5786516371152578
DDQN,2400,0.5840925192338846
DDQN,2400,0.558831263255215
DDQN,2400,0.587155137709663
DDQN,2400,0.5566747055474445
DDQN,2400,0.591417277615528
DDQN,2400,0.5712926007152724
DDQN,2400,0.7319627658219287
DDQN,2400,0.564186081660969
DDQN,2400,0.5698264107135876
DDQN_Mobility,200,0.34101775962813335
DDQN_Mobility,200,0.3424310548011493
DDQN_Mobility,200,0.3012212396456013
DDQN_Mobility,200,0.31525784671109913
DDQN_Mobility,200,0.3470465649999054
DDQN_Mobility,200,0.3087981547440014
DDQN_Mobility,200,0.30591291981690155
DDQN_Mobility,200,0.310037695278241
DDQN_Mobility,200,0.3216254325619107
DDQN_Mobility,200,0.31567324837849525
DDQN_Mobility,200,0.32053436313209144
DDQN_Mobility,200,0.34348958629239495
DDQN_Mobility,200,0.3163578414043827
DDQN_Mobility,200,0.3301033502229055
DDQN_Mobility,200,0.34158186524037676
DDQN_Mobility,400,0.3798046374390632
DDQN_Mobility,400,0.3850027293229866
DDQN_Mobility,400,0.39471794879612904
DDQN_Mobility,400,0.41693090830321006
DDQN_Mobility,400,0.3763748640526194
DDQN_Mobility,400,0.4759558266873724
DDQN_Mobility,400,0.3701707148553555
DDQN_Mobility,400,0.38918180974920313
DDQN_Mobility,400,0.4311307520673926
DDQN_Mobility,400,0.43930808259324544
DDQN_Mobility,400,0.39754432437436665
DDQN_Mobility,400,0.411981215230571
DDQN_Mobility,400,0.44438903218298353
DDQN_Mobility,400,0.3956407541417892
DDQN_Mobility,400,0.4578822233275792
DDQN_Mobility,600,0.6477144810061036
DDQN_Mobility,600,0.6400354441852101
DDQN_Mobility,600,0.6287477358432252
DDQN_Mobility,600,0.643643869445658
DDQN_Mobility,600,0.6326458325276798
DDQN_Mobility,600,0.6373894278329335
DDQN_Mobility,600,0.6099982889714266
DDQN_Mobility,600,0.6364499464932291
DDQN_Mobility,600,0.6598839903497153
DDQN_Mobility,600,0.6099500685730673
DDQN_Mobility,600,0.6778300590251803
DDQN_Mobility,600,0.6665457157035625
DDQN_Mobility,600,0.6432999254916659
DDQN_Mobility,600,0.592979241955491
DDQN_Mobility,600,0.6110746391343228
DDQN_Mobility,800,0.6821356421513625
DDQN_Mobility,800,0.6919105794915954
DDQN_Mobility,800,0.6870347643635735
DDQN_Mobility,800,0.688089404730979
DDQN_Mobility,800,0.7071773416159518
DDQN_Mobility,800,0.6940048983686483
DDQN_Mobility,800,0.6937316930009346
DDQN_Mobility,800,0.6953640032522239
DDQN_Mobility,800,0.6879971678657643
DDQN_Mobility,800,0.6851936953308099
DDQN_Mobility,800,0.6832107813101126
DDQN_Mobility,800,0.7060373164243243
DDQN_Mobility,800,0.6955104030357286
DDQN_Mobility,800,0.6940906091668684
DDQN_Mobility,800,0.7051393306423988
DDQN_Mobility,1000,0.6977795897966288
DDQN_Mobility,1000,0.6823004386868408
DDQN_Mobility,1000,0.6980827028986579
DDQN_Mobility,1000,0.6965749891564434
DDQN_Mobility,1000,0.6953313834887694
DDQN_Mobility,1000,0.6884430721906267
DDQN_Mobility,1000,0.7019812946312999
DDQN_Mobility,1000,0.6859231484349316
DDQN_Mobility,1000,0.7023639106742624
DDQN_Mobility,1000,0.6990199931739483
DDQN_Mobility,1000,0.6839579242197793
DDQN_Mobility,1000,0.6932249855611371
DDQN_Mobility,1000,0.6953304290960167
DDQN_Mobility,1000,0.6850460001768529
DDQN_Mobility,1000,0.6820912134941747
DDQN_Mobility,1200,0.6671620316387081
DDQN_Mobility,1200,0.6718438318420209
DDQN_Mobility,1200,0.6764531635727765
DDQN_Mobility,1200,0.6699435113791028
DDQN_Mobility,1200,0.6752626535022481
DDQN_Mobility,1200,0.6672332028655936
DDQN_Mobility,1200,0.675560181140945
DDQN_Mobility,1200,0.6855494718538295
DDQN_Mobility,1200,0.6714836060908471
DDQN_Mobility,1200,0.6796273237137735
DDQN_Mobility,1200,0.675107112849923
DDQN_Mobility,1200,0.676088083007705
DDQN_Mobility,1200,0.6796717425055823
DDQN_Mobility,1200,0.6724696652972519
DDQN_Mobility,1200,0.6800836976546094
DDQN_Mobility,1400,0.6476796746852924
DDQN_Mobility,1400,0.651808838884138
DDQN_Mobility,1400,0.6526409911299969
DDQN_Mobility,1400,0.6524961762544211
DDQN_Mobility,1400,0.6470530396671841
DDQN_Mobility,1400,0.6475895825746574
DDQN_Mobility,1400,0.6548063326013379
DDQN_Mobility,1400,0.6552532137173276
DDQN_Mobility,1400,0.6492928561840281
DDQN_Mobility,1400,0.6525324308937711
DDQN_Mobility,1400,0.6520846816754673
DDQN_Mobility,1400,0.6546329475635478
DDQN_Mobility,1400,0.6587671751514315
DDQN_Mobility,1400,0.6450734677680756
DDQN_Mobility,1400,0.6540674240011537
DDQN_Mobility,1600,0.6482832274826936
DDQN_Mobility,1600,0.651627468069263
DDQN_Mobility,1600,0.6472985599107242
DDQN_Mobility,1600,0.6442018172653762
DDQN_Mobility,1600,0.6404010249611037
DDQN_Mobility,1600,0.6485353779783533
DDQN_Mobility,1600,0.6423074377474866
DDQN_Mobility,1600,0.6463221266055934
DDQN_Mobility,1600,0.6442422587407974
DDQN_Mobility,1600,0.6460625103117729
DDQN_Mobility,1600,0.6477208953139607
DDQN_Mobility,1600,0.649199530558061
DDQN_Mobility,1600,0.6451841962984525
DDQN_Mobility,1600,0.6462487183372224
DDQN_Mobility,1600,0.6511398153919978
DDQN_Mobility,1800,0.6322620499975156
DDQN_Mobility,1800,0.6433288855382774
DDQN_Mobility,1800,0.6350110641457667
DDQN_Mobility,1800,0.6483354383244859
DDQN_Mobility,1800,0.6427874703169147
DDQN_Mobility,1800,0.6324342379464947
DDQN_Mobility,1800,0.6351581299919776
DDQN_Mobility,1800,0.6410713794541254
DDQN_Mobility,1800,0.6384695235529959
DDQN_Mobility,1800,0.6452403644756007
DDQN_Mobility,1800,0.6350206006843954
DDQN_Mobility,1800,0.6401020013469568
DDQN_Mobility,1800,0.6383232186994017
DDQN_Mobility,1800,0.6344154107930293
DDQN_Mobility,1800,0.6350623383596052
DDQN_Mobility,2000,0.6486398944183228
DDQN_Mobility,2000,0.6357904965945705
DDQN_Mobility,2000,0.6467901857506638
DDQN_Mobility,2000,0.6401912581305277
DDQN_Mobility,2000,0.6396714671380179
DDQN_Mobility,2000,0.642418568504996
DDQN_Mobility,2000,0.6357550301871088
DDQN_Mobility,2000,0.635014114566431
DDQN_Mobility,2000,0.6376729619836079
DDQN_Mobility,2000,0.6403801018257512
DDQN_Mobility,2000,0.6444069459693808
DDQN_Mobility,2000,0.6411399938455425
DDQN_Mobility,2000,0.6422946860617933
DDQN_Mobility,2000,0.6426589954041352
DDQN_Mobility,2000,0.634642455958582
DDQN_Mobility,2200,0.6462559525433087
DDQN_Mobility,2200,0.6449877983621988
DDQN_Mobility,2200,0.6471377325979587
DDQN_Mobility,2200,0.6441921680768196
DDQN_Mobility,2200,0.646544412311836
DDQN_Mobility,2200,0.644460579032955
DDQN_Mobility,2200,0.651592703543153
DDQN_Mobility,2200,0.6562401512170735
DDQN_Mobility,2200,0.6591292756686745
DDQN_Mobility,2200,0.6373066863247294
DDQN_Mobility,2200,0.6398117275078645
DDQN_Mobility,2200,0.6464355830822701
DDQN_Mobility,2200,0.6482907473866122
DDQN_Mobility,2200,0.6451515979424111
DDQN_Mobility,2200,0.6446756798163976
DDQN_Mobility,2400,0.7544183444399736
DDQN_Mobility,2400,0.6626894848820811
DDQN_Mobility,2400,0.7596174092132034
DDQN_Mobility,2400,0.7373853904355744
DDQN_Mobility,2400,0.6541187795252252
DDQN_Mobility,2400,0.6502009698461342
DDQN_Mobility,2400,0.655719624611378
DDQN_Mobility,2400,0.7644738036657657
DDQN_Mobility,2400,0.7699871613662951
DDQN_Mobility,2400,0.652192473334442
DDQN_Mobility,2400,0.6526233148821723
DDQN_Mobility,2400,0.6514710685813945
DDQN_Mobility,2400,0.76711373280879
DDQN_Mobility,2400,0.6537508054995771
DDQN_Mobility,2400,0.7615561451023846
Fuzzy_Based,200,0.3294666017479479
Fuzzy_Based,200,0.33976398904576904
Fuzzy_Based,200,0.3131532687359418
Fuzzy_Based,200,0.31448766328047384
Fuzzy_Based,200,0.32973844192376894
Fuzzy_Based,200,0.32076019227776725
Fuzzy_Based,200,0.32253292906887127
Fuzzy_Based,200,0.318576371210243
Fuzzy_Based,200,0.30633841692705366
Fuzzy_Based,200,0.3202018847089976
Fuzzy_Based,200,0.33654561438506014
Fuzzy_Based,200,0.3109345206724879
Fuzzy_Based,200,0.3136629757770098
Fuzzy_Based,200,0.31405310474803516
Fuzzy_Based,200,0.3130830016094337
Fuzzy_Based,400,0.49517213229819096
Fuzzy_Based,400,0.539960425408071
Fuzzy_Based,400,0.5648948206446615
Fuzzy_Based,400,0.5237958270537465
Fuzzy_Based,400,0.4998364029432603
Fuzzy_Based,400,0.5317131453375373
Fuzzy_Based,400,0.5813908384091324
Fuzzy_Based,400,0.5218858454454286
Fuzzy_Based,400,0.5026751431160918
Fuzzy_Based,400,0.5035238042619391
Fuzzy_Based,400,0.48310475926093754
Fuzzy_Based,400,0.5227759616632172
Fuzzy_Based,400,0.43979490509898644
Fuzzy_Based,400,0.5477263147146871
Fuzzy_Based,400,0.4924456515493146
Fuzzy_Based,600,0.7105665109332426
Fuzzy_Based,600,0.7118779265956038
Fuzzy_Based,600,0.7205245239703415
Fuzzy_Based,600,0.6814538082918269
Fuzzy_Based,600,0.7122966857152281
Fuzzy_Based,600,0.7005453496989077
Fuzzy_Based,600,0.6921306613643845
Fuzzy_Based,600,0.7093787873408716
Fuzzy_Based,600,0.6767636611886452
Fuzzy_Based,600,0.6995687827275565
Fuzzy_Based,600,0.684389424638393
Fuzzy_Based,600,0.7233808148369635
Fuzzy_Based,600,0.6841753236551054
Fuzzy_Based,600,0.6966062002738949
Fuzzy_Based,600,0.7127912299409739
Fuzzy_Based,800,0.7178222500128927
Fuzzy_Based,800,0.7146334090254525
Fuzzy_Based,800,0.7300634112678648
Fuzzy_Based,800,0.7185830274449017
Fuzzy_Based,800,0.7089239749896131
Fuzzy_Based,800,0.7115320059634777
Fuzzy_Based,800,0.7270790630870709
Fuzzy_Based,800,0.7289599827944403
Fuzzy_Based,800,0.7150155706239212
Fuzzy_Based,800,0.6978924867329427
Fuzzy_Based,800,0.7232904207059938
Fuzzy_Based,800,0.7126991604158042
Fuzzy_Based,800,0.7284042904875396
Fuzzy_Based,800,0.7111364341811859
Fuzzy_Based,800,0.7203982973680791
Fuzzy_Based,1000,0.6905353155196513
Fuzzy_Based,1000,0.6875422263887551
Fuzzy_Based,1000,0.7097939615204961
Fuzzy_Based,1000,0.702681775440192
Fuzzy_Based,1000,0.6983480854488068
Fuzzy_Based,1000,0.7108825798862161
Fuzzy_Based,1000,0.6982502684819426
Fuzzy_Based,1000,0.7035229631108029
Fuzzy_Based,1000,0.6968760903966325
Fuzzy_Based,1000,0.7084588616471185
Fuzzy_Based,1000,0.6961783544750002
Fuzzy_Based,1000,0.7039410386631025
Fuzzy_Based,1000,0.7109316313793053
Fuzzy_Based,1000,0.6954161406701975
Fuzzy_Based,1000,0.7047432850264539
Fuzzy_Based,1200,0.6807069867621564
Fuzzy_Based,1200,0.6780071061769904
Fuzzy_Based,1200,0.68091104332551
Fuzzy_Based,1200,0.6915965670993015
Fuzzy_Based,1200,0.681560582288292
Fuzzy_Based,1200,0.6877176970050533
Fuzzy_Based,1200,0.6802756058658078
Fuzzy_Based,1200,0.6815231756708583
Fuzzy_Based,1200,0.6808083248334259
Fuzzy_Based,1200,0.6707230249346554
Fuzzy_Based,1200,0.6787432708006859
Fuzzy_Based,1200,0.6740703711979127
Fuzzy_Based,1200,0.6845503969751179
Fuzzy_Based,1200,0.6793267991081727
Fuzzy_Based,1200,0.6683918046245219
Fuzzy_Based,1400,0.6510484965170709
Fuzzy_Based,1400,0.6527123959728468
Fuzzy_Based,1400,0.6575844951385912
Fuzzy_Based,1400,0.6553710548972397
Fuzzy_Based,1400,0.6486226090509375
Fuzzy_Based,1400,0.6621571064615913
Fuzzy_Based,1400,0.6569027278163971
Fuzzy_Based,1400,0.6594056767288451
Fuzzy_Based,1400,0.6613589517392227
Fuzzy_Based,1400,0.6539659574398952
Fuzzy_Based,1400,0.6546351539049353
Fuzzy_Based,1400,0.6540361229875559
Fuzzy_Based,1400,0.6614941255728815
Fuzzy_Based,1400,0.6590897857696824
Fuzzy_Based,1400,0.6545520620761776
Fuzzy_Based,1600,0.6435838729501125
Fuzzy_Based,1600,0.6408346816521258
Fuzzy_Based,1600,0.6454974222091968
Fuzzy_Based,1600,0.6497536771921345
Fuzzy_Based,1600,0.650311049858063
Fuzzy_Based,1600,0.6374307774848418
Fuzzy_Based,1600,0.6372743478912654
Fuzzy_Based,1600,0.6428492429265105
Fuzzy_Based,1600,0.6405208478293384
Fuzzy_Based,1600,0.6470124939866501
Fuzzy_Based,1600,0.6478268873952113
Fuzzy_Based,1600,0.6402819474943073
Fuzzy_Based,1600,0.6466296723593136
Fuzzy_Based,1600,0.6399323481340458
Fuzzy_Based,1600,0.6522042334170072
Fuzzy_Based,1800,0.6415058119924328
Fuzzy_Based,1800,0.6336172737177179
Fuzzy_Based,1800,0.6411395410087657
Fuzzy_Based,1800,0.6504999217906953
Fuzzy_Based,1800,0.6414525112245739
Fuzzy_Based,1800,0.6398133120739019
Fuzzy_Based,1800,0.6423206946816362
Fuzzy_Based,1800,0.6411773687679957
Fuzzy_Based,1800,0.634946935539575
Fuzzy_Based,1800,0.6426328369946891
Fuzzy_Based,1800,0.6334858144213313
Fuzzy_Based,1800,0.6443894463683835
Fuzzy_Based,1800,0.6452474121511779
Fuzzy_Based,1800,0.6406420451478354
Fuzzy_Based,1800,0.6467684802631096
Fuzzy_Based,2000,0.6341748904414494
Fuzzy_Based,2000,0.6402799807433002
Fuzzy_Based,2000,0.6424054340503093
Fuzzy_Based,2000,0.6430007660410337
Fuzzy_Based,2000,0.6362636694811971
Fuzzy_Based,2000,0.6427879324996448
Fuzzy_Based,2000,0.6396327804382321
Fuzzy_Based,2000,0.6387830699966446
Fuzzy_Based,2000,0.6433572498820949
Fuzzy_Based,2000,0.6394685337479262
Fuzzy_Based,2000,0.6383198586537879
Fuzzy_Based,2000,0.6423202987102167
Fuzzy_Based,2000,0.6413454195997873
Fuzzy_Based,2000,0.6485110376942123
Fuzzy_Based,2000,0.6452409129619718
Fuzzy_Based,2200,0.6411998183836481
Fuzzy_Based,2200,0.6347253308736828
Fuzzy_Based,2200,0.6441102373344664
Fuzzy_Based,2200,0.6523181046685204
Fuzzy_Based,2200,0.7136819999445582
Fuzzy_Based,2200,0.6469190711480902
Fuzzy_Based,2200,0.6501752046737527
Fuzzy_Based,2200,0.6434496859814289
Fuzzy_Based,2200,0.6522678757796796
Fuzzy_Based,2200,0.6502365286788059
Fuzzy_Based,2200,0.6536827731230842
Fuzzy_Based,2200,0.6484473998699335
Fuzzy_Based,2200,0.659857239614784
Fuzzy_Based,2200,0.8038959239084237
Fuzzy_Based,2200,0.6865090366396613
Fuzzy_Based,2400,0.6595551494896793
Fuzzy_Based,2400,0.6431899833090624
Fuzzy_Based,2400,0.7754225888528435
Fuzzy_Based,2400,0.7215880562178424
Fuzzy_Based,2400,0.6572858015146974
Fuzzy_Based,2400,0.8035697463056778
Fuzzy_Based,2400,0.7200620064892678
Fuzzy_Based,2400,0.6567226349437773
Fuzzy_Based,2400,0.6575082547974981
Fuzzy_Based,2400,0.6567446633314377
Fuzzy_Based,2400,0.7478524808153773
Fuzzy_Based,2400,0.651300166123599
Fuzzy_Based,2400,0.6539086917122336
Fuzzy_Based,2400,0.6535957489944699
Fuzzy_Based,2400,0.65762012581127
HEO,200,0.33785000898181333
HEO,200,0.3552683579553066
HEO,200,0.3508859662559905
HEO,200,0.3426132893461696
HEO,200,0.36278245312696844
HEO,200,0.34085885553243395
HEO,200,0.34962398338510337
HEO,200,0.33154238507647465
HEO,200,0.3353849894450264
HEO,200,0.3450322098773129
HEO,200,0.34925444557432084
HEO,200,0.35525746414620524
HEO,200,0.34643836322511984
HEO,200,0.3464940442542611
HEO,200,0.3363215877058551
HEO,400,0.3553652576811295
HEO,400,0.3395100472883178
HEO,400,0.3293840819347457
HEO,400,0.32722508373841747
HEO,400,0.3389221822988297
HEO,400,0.3424712168541721
HEO,400,0.3427909966875819
HEO,400,0.3358270617985726
HEO,400,0.3217277287601831
HEO,400,0.3316579967357867
HEO,400,0.3372977185291272
HEO,400,0.3352277094628148
HEO,400,0.3335126154778417
HEO,400,0.33261698785660093
HEO,400,0.3399223736530487
HEO,600,0.3470989620831851
HEO,600,0.3450842807029878
HEO,600,0.3436546823676659
HEO,600,0.34707514350273194
HEO,600,0.34895096756775235
HEO,600,0.34121216885374756
HEO,600,0.34805070168490077
HEO,600,0.34805868599209006
HEO,600,0.341163981776628
HEO,600,0.3433717284500213
HEO,600,0.3417736432686926
HEO,600,0.3305843150243379
HEO,600,0.34953939754776414
HEO,600,0.3454790849385166
HEO,600,0.3408290837288286
HEO,800,0.36267533683289715
HEO,800,0.3593973456244347
HEO,800,0.3703260201019198
HEO,800,0.35192017694432737
HEO,800,0.35795720119763375
HEO,800,0.35541799829535725
HEO,800,0.35752523649542123
HEO,800,0.36016766304692827
HEO,800,0.36658557517500706
HEO,800,0.34829551566862316
HEO,800,0.35710543050520466
HEO,800,0.3630913604578692
HEO,800,0.36554368203290044
HEO,800,0.35025235927411874
HEO,800,0.3600382390063233
HEO,1000,0.3859190566648876
HEO,1000,0.38374839390093257
HEO,1000,0.38094283029725684
HEO,1000,0.3786243189135898
HEO,1000,0.3803292892638305
HEO,1000,0.38288679197136605
HEO,1000,0.3797579345219175
HEO,1000,0.3864364803979025
HEO,1000,0.37827452415580365
HEO,1000,0.3797141696602626
HEO,1000,0.38222313127578667
HEO,1000,0.38373051503459726
HEO,1000,0.371032027695737
HEO,1000,0.3835906985414931
HEO,1000,0.39060164725806223
HEO,1200,0.41040312265016093
HEO,1200,0.3997110505624631
HEO,1200,0.4024304759092422
HEO,1200,0.40495285063613295
HEO,1200,0.4038019800633291
HEO,1200,0.4064548052683412
HEO,1200,0.41085617882270664
HEO,1200,0.40449807477639665
HEO,1200,0.39739996975696273
HEO,1200,0.40796972368210693
HEO,1200,0.41011860226445
HEO,1200,0.41828280586056665
HEO,1200,0.4015927363499186
HEO,1200,0.41182538435520305
HEO,1200,0.4009021611957049
HEO,1400,0.4228148941842552
HEO,1400,0.42260939493813726
HEO,1400,0.4274884897972749
HEO,1400,0.4358602459711031
HEO,1400,0.43285746786220175
HEO,1400,0.43499773668328784
HEO,1400,0.4267469027686452
HEO,1400,0.43377504381451276
HEO,1400,0.43553153236840986
HEO,1400,0.4301039057151663
HEO,1400,0.4324182689055844
HEO,1400,0.42496583256808057
HEO,1400,0.42478594001376974
HEO,1400,0.4317042862639787
HEO,1400,0.4331810131570241
HEO,1600,0.4459976179610984
HEO,1600,0.4484450096447445
HEO,1600,0.4422713952314362
HEO,1600,0.44069382362365395
HEO,1600,0.4524003365101399
HEO,1600,0.4550592528587775
HEO,1600,0.45672198942969194
HEO,1600,0.4610137028537767
HEO,1600,0.459310166149222
HEO,1600,0.4440060924826718
HEO,1600,0.4473071332643309
HEO,1600,0.44884607986418423
HEO,1600,0.4509042908540472
HEO,1600,0.4560966540681365
HEO,1600,0.45571949297899894
HEO,1800,0.463625671933457
HEO,1800,0.48514507328433565
HEO,1800,0.47249638312253595
HEO,1800,0.4767743156200057
HEO,1800,0.45777905682569947
HEO,1800,0.46889969459450576
HEO,1800,0.4725399805578424
HEO,1800,0.4723675011637029
HEO,1800,0.46686704984333594
HEO,1800,0.47561684359544404
HEO,1800,0.4839376068022169
HEO,1800,0.4720102361421892
HEO,1800,0.4684061231121591
HEO,1800,0.4701211969883664
HEO,1800,0.4708678795447899
HEO,2000,0.4921521632558467
HEO,2000,0.4789403800266246
HEO,2000,0.49119665951711927
HEO,2000,0.4871089369101204
HEO,2000,0.4826341329843079
HEO,2000,0.4916223282896514
HEO,2000,0.4787752507856629
HEO,2000,0.48633097432581557
HEO,2000,0.48062571056752035
HEO,2000,0.49147078061312865
HEO,2000,0.47959209519694423
HEO,2000,0.4867866874686733
HEO,2000,0.4850147458880659
HEO,2000,0.4865774756427702
HEO,2000,0.4893487726278021
HEO,2200,0.5143167256632312
HEO,2200,0.5080317879059617
HEO,2200,0.5141727365723128
HEO,2200,0.5062854410742439
HEO,2200,0.509927745967794
HEO,2200,0.5077699463427944
HEO,2200,0.5111369478298484
HEO,2200,0.5065367030423611
HEO,2200,0.5600894217583663
HEO,2200,0.5053355198274659
HEO,2200,0.5062014103687141
HEO,2200,0.5032150664369469
HEO,2200,0.5063821385442449
HEO,2200,0.5022397202288602
HEO,2200,0.5043065386952497
HEO,2400,0.5244532327328875
HEO,2400,0.5356265491795983
HEO,2400,0.6084977948770741
HEO,2400,0.7109813291196809
HEO,2400,0.6342907412521291
HEO,2400,0.5422119251969062
HEO,2400,0.5228586740771175
HEO,2400,0.6570442990673956
HEO,2400,0.5126798809064285
HEO,2400,0.576664259893874
HEO,2400,0.5279981061195607
HEO,2400,0.5340728270670417
HEO,2400,0.5330146016189296
HEO,2400,0.5289284003426533
HEO,2400,0.6394331204891682
